<?xml version="1.0" encoding="utf-16"?>
<PlugInXml xmlns:xsd="http://www.w3.org/2001/XMLSchema" xmlns:xsi="http://www.w3.org/2001/XMLSchema-instance">
  <PluginCommonData>
    <Testplan>myTestPlan</Testplan>
    <Revision>0.00</Revision>
    <AmbientTemp>999</AmbientTemp>
    <StartTime>0001-01-01T00:00:00</StartTime>
    <Duration />
    <Tester>Agilent TestPerson</Tester>
    <Mode>Normal</Mode>
    <StationId>10000</StationId>
    <TestStation>myTestStation</TestStation>
    <Slot>1</Slot>
    <isPauseOnFail>false</isPauseOnFail>
    <isProdMode>false</isProdMode>
    <BreakIndex>0</BreakIndex>
    <BogusFactor>4</BogusFactor>
    <AuditFrequency>10</AuditFrequency>
    <ProjectDirectory> </ProjectDirectory>
    <SourceDirectory />
    <ResultDirectory />
    <StationName />
    <TestOutcome />
    <IsFailureExist>false</IsFailureExist>
  </PluginCommonData>
  <PluginUutData>
    <Model>myModel</Model>
    <Description>myDescription</Description>
    <Options>myOptions</Options>
    <SerNum>0123456789</SerNum>
    <PCASerNum>Default</PCASerNum>
    <FWRev>0.00</FWRev>
    <STB>0</STB>
  </PluginUutData>
  <TestInfoArray>
    <TestInfo>
      <Id>1.1</Id>
      <GroupSpan>9</GroupSpan>
      <CaseSpan>1</CaseSpan>
      <NodePath>NIC\InitStation\InitNistDatatable</NodePath>
      <GroupLabel>InitStation</GroupLabel>
      <TestLabel>InitNistDatatable</TestLabel>
      <TestPointIndex>1</TestPointIndex>
      <GlobalIndex>1</GlobalIndex>
      <TestIsEnabled>true</TestIsEnabled>
      <TestType>Normal</TestType>
      <IsCompletedTest>false</IsCompletedTest>
      <TestParams>
        <PIParamArray>
          <PIParameter>
            <IsCondition />
            <Label>15Deg</Label>
            <Value>1.073E-07</Value>
            <Unit />
          </PIParameter>
        </PIParamArray>
        <NumParams>1</NumParams>
      </TestParams>
      <ResultsParams>
        <PIResArray>
          <PIResult>
            <Label>Initialized</Label>
            <Nominal>PASS</Nominal>
            <SpecMin>PASS</SpecMin>
            <SpecMax>PASS</SpecMax>
            <ResultIndex>0</ResultIndex>
            <ErrorStr>No Error</ErrorStr>
            <PassFail>Null</PassFail>
          </PIResult>
        </PIResArray>
        <NumResultParams>1</NumResultParams>
      </ResultsParams>
    </TestInfo>
    <TestInfo>
      <Id>1.2</Id>
      <GroupSpan>9</GroupSpan>
      <CaseSpan>3</CaseSpan>
      <NodePath>NIC\InitStation\NistLeakTempTest</NodePath>
      <GroupLabel>InitStation</GroupLabel>
      <TestLabel>NistLeakTempTest</TestLabel>
      <TestPointIndex>2</TestPointIndex>
      <GlobalIndex>2</GlobalIndex>
      <TestIsEnabled>true</TestIsEnabled>
      <TestType>Normal</TestType>
      <IsCompletedTest>false</IsCompletedTest>
      <TestParams>
        <PIParamArray>
          <PIParameter>
            <IsCondition />
            <Label>Loop</Label>
            <Value>10</Value>
            <Unit />
          </PIParameter>
          <PIParameter>
            <IsCondition />
            <Label>Delay</Label>
            <Value>1000</Value>
            <Unit />
          </PIParameter>
          <PIParameter>
            <IsCondition />
            <Label>TempDeltaSpec</Label>
            <Value>0.1</Value>
            <Unit>DegC</Unit>
          </PIParameter>
        </PIParamArray>
        <NumParams>3</NumParams>
      </TestParams>
      <ResultsParams>
        <PIResArray>
          <PIResult>
            <Label>Status</Label>
            <Nominal>PASS</Nominal>
            <Unit />
            <SpecMin>PASS</SpecMin>
            <SpecMax>PASS</SpecMax>
            <ResultIndex>0</ResultIndex>
            <ErrorStr>No Error</ErrorStr>
            <PassFail>Null</PassFail>
          </PIResult>
          <PIResult>
            <Label>TempStability</Label>
            <Nominal>0</Nominal>
            <Unit>DeltaDegC</Unit>
            <SpecMin>0</SpecMin>
            <SpecMax>0.2</SpecMax>
            <ResultIndex>1</ResultIndex>
            <ErrorStr>No Error</ErrorStr>
            <PassFail>Null</PassFail>
          </PIResult>
          <PIResult>
            <Label>Temperature</Label>
            <Nominal>22.5</Nominal>
            <Unit>DegC</Unit>
            <SpecMin>15</SpecMin>
            <SpecMax>30</SpecMax>
            <ResultIndex>2</ResultIndex>
            <ErrorStr>No Error</ErrorStr>
            <PassFail>Null</PassFail>
          </PIResult>
        </PIResArray>
        <NumResultParams>3</NumResultParams>
      </ResultsParams>
    </TestInfo>
    <TestInfo>
      <Id>1.3</Id>
      <GroupSpan>9</GroupSpan>
      <CaseSpan>5</CaseSpan>
      <NodePath>NIC\InitStation\TemperatureTest</NodePath>
      <GroupLabel>InitStation</GroupLabel>
      <TestLabel>TemperatureTest</TestLabel>
      <TestPointIndex>3</TestPointIndex>
      <GlobalIndex>3</GlobalIndex>
      <TestIsEnabled>true</TestIsEnabled>
      <TestType>Normal</TestType>
      <IsCompletedTest>false</IsCompletedTest>
      <TestParams>
        <PIParamArray>
          <PIParameter>
            <IsCondition />
            <Label>Loop</Label>
            <Value>10</Value>
            <Unit />
          </PIParameter>
          <PIParameter>
            <IsCondition />
            <Label>Delay</Label>
            <Value>1000</Value>
            <Unit />
          </PIParameter>
          <PIParameter>
            <IsCondition />
            <Label>DeltaTemp</Label>
            <Value>0.1</Value>
            <Unit>DegC</Unit>
          </PIParameter>
          <PIParameter>
            <IsCondition />
            <Label>DeltaBoardTemp</Label>
            <Value>0.5</Value>
            <Unit />
          </PIParameter>
        </PIParamArray>
        <NumParams>4</NumParams>
      </TestParams>
      <ResultsParams>
        <PIResArray>
          <PIResult>
            <Label>Status</Label>
            <Nominal>PASS</Nominal>
            <Unit />
            <SpecMin>PASS</SpecMin>
            <SpecMax>PASS</SpecMax>
            <ResultIndex>0</ResultIndex>
            <ErrorStr>No Error</ErrorStr>
            <PassFail>Null</PassFail>
          </PIResult>
          <PIResult>
            <Label>DutTempStability</Label>
            <Nominal>0</Nominal>
            <Unit />
            <SpecMin>0</SpecMin>
            <SpecMax>0.2</SpecMax>
            <ResultIndex>1</ResultIndex>
            <ErrorStr>No Error</ErrorStr>
            <PassFail>Null</PassFail>
          </PIResult>
          <PIResult>
            <Label>DutTemp</Label>
            <Nominal>22.5</Nominal>
            <Unit>DegC</Unit>
            <SpecMin>15</SpecMin>
            <SpecMax>30</SpecMax>
            <ResultIndex>2</ResultIndex>
            <ErrorStr>No Error</ErrorStr>
            <PassFail>Null</PassFail>
          </PIResult>
          <PIResult>
            <Label>BoardTempStability</Label>
            <Nominal>0</Nominal>
            <Unit />
            <SpecMin>0</SpecMin>
            <SpecMax>0.5</SpecMax>
            <ResultIndex>3</ResultIndex>
            <ErrorStr>No Error</ErrorStr>
            <PassFail>Null</PassFail>
          </PIResult>
          <PIResult>
            <Label>BoardTemp</Label>
            <Nominal>22.5</Nominal>
            <Unit>DegC</Unit>
            <SpecMin>15</SpecMin>
            <SpecMax>30</SpecMax>
            <ResultIndex>4</ResultIndex>
            <ErrorStr>No Error</ErrorStr>
            <PassFail>Null</PassFail>
          </PIResult>
        </PIResArray>
        <NumResultParams>5</NumResultParams>
      </ResultsParams>
    </TestInfo>
    <TestInfo>
      <Id>2.1</Id>
      <GroupSpan>5</GroupSpan>
      <CaseSpan>2</CaseSpan>
      <NodePath>NIC\SystemCalibration1\StoreStdLeakRate</NodePath>
      <GroupLabel>SystemCalibration1</GroupLabel>
      <TestLabel>StoreStdLeakRate</TestLabel>
      <TestPointIndex>1</TestPointIndex>
      <GlobalIndex>4</GlobalIndex>
      <TestIsEnabled>true</TestIsEnabled>
      <TestType>Normal</TestType>
      <IsCompletedTest>false</IsCompletedTest>
      <TestParams>
        <PIParamArray>
          <PIParameter>
            <IsCondition />
            <Label>MyParameter</Label>
            <Value>NA</Value>
            <Unit />
          </PIParameter>
        </PIParamArray>
        <NumParams>1</NumParams>
      </TestParams>
      <ResultsParams>
        <PIResArray>
          <PIResult>
            <Label>Status</Label>
            <Nominal>PASS</Nominal>
            <SpecMin>PASS</SpecMin>
            <SpecMax>PASS</SpecMax>
            <ResultIndex>0</ResultIndex>
            <ErrorStr>No Error</ErrorStr>
            <PassFail>Null</PassFail>
          </PIResult>
          <PIResult>
            <Label>LeakRateValue</Label>
            <Nominal>1.5E-7</Nominal>
            <Unit>Std-cc/s</Unit>
            <SpecMin>1.0E-7</SpecMin>
            <SpecMax>2.0E-7</SpecMax>
            <ResultIndex>1</ResultIndex>
            <ErrorStr>No Error</ErrorStr>
            <PassFail>Null</PassFail>
          </PIResult>
        </PIResArray>
        <NumResultParams>2</NumResultParams>
      </ResultsParams>
    </TestInfo>
    <TestInfo>
      <Id>2.2</Id>
      <GroupSpan>5</GroupSpan>
      <CaseSpan>3</CaseSpan>
      <NodePath>NIC\SystemCalibration1\Calibrate</NodePath>
      <GroupLabel>SystemCalibration1</GroupLabel>
      <TestLabel>Calibrate</TestLabel>
      <TestPointIndex>2</TestPointIndex>
      <GlobalIndex>5</GlobalIndex>
      <TestIsEnabled>true</TestIsEnabled>
      <TestType>Normal</TestType>
      <IsCompletedTest>false</IsCompletedTest>
      <TestParams>
        <PIParamArray>
          <PIParameter>
            <IsCondition />
            <Label>HoldDelay</Label>
            <Value>120</Value>
            <Unit>sec</Unit>
          </PIParameter>
        </PIParamArray>
        <NumParams>1</NumParams>
      </TestParams>
      <ResultsParams>
        <PIResArray>
          <PIResult>
            <Label>RoughStatus</Label>
            <Nominal>FINETEST</Nominal>
            <Unit />
            <SpecMin>FINETEST</SpecMin>
            <SpecMax>FINETEST</SpecMax>
            <ResultIndex>0</ResultIndex>
            <ErrorStr>No Error</ErrorStr>
            <PassFail>Null</PassFail>
          </PIResult>
          <PIResult>
            <Label>LeakRate</Label>
            <Nominal>1.5E-7</Nominal>
            <Unit>std cc/s</Unit>
            <SpecMin>1.3E-7</SpecMin>
            <SpecMax>1.7E-7</SpecMax>
            <ResultIndex>1</ResultIndex>
            <ErrorStr>No Error</ErrorStr>
            <PassFail>Null</PassFail>
          </PIResult>
          <PIResult>
            <Label>LeakDelta</Label>
            <Nominal>0</Nominal>
            <Unit>std cc/s</Unit>
            <SpecMin>-0.2E-7</SpecMin>
            <SpecMax>0.2E-7</SpecMax>
            <ResultIndex>2</ResultIndex>
            <ErrorStr>No Error</ErrorStr>
            <PassFail>Null</PassFail>
          </PIResult>
        </PIResArray>
        <NumResultParams>3</NumResultParams>
      </ResultsParams>
    </TestInfo>
    <TestInfo>
      <Id>3.1</Id>
      <GroupSpan>4</GroupSpan>
      <CaseSpan>4</CaseSpan>
      <NodePath>NIC\CalLeakTest1\LeakRateProfilingTest</NodePath>
      <GroupLabel>CalLeakTest1</GroupLabel>
      <TestLabel>LeakRateProfilingTest</TestLabel>
      <TestPointIndex>1</TestPointIndex>
      <GlobalIndex>6</GlobalIndex>
      <TestIsEnabled>true</TestIsEnabled>
      <TestType>Normal</TestType>
      <IsCompletedTest>false</IsCompletedTest>
      <TestParams>
        <PIParamArray>
          <PIParameter>
            <IsCondition />
            <Label>Slope</Label>
            <Value>0.038</Value>
            <Unit />
          </PIParameter>
          <PIParameter>
            <IsCondition />
            <Label>TempRef</Label>
            <Value>23</Value>
            <Unit>DegC</Unit>
          </PIParameter>
          <PIParameter>
            <IsCondition />
            <Label>Loop</Label>
            <Value>300</Value>
            <Unit />
          </PIParameter>
          <PIParameter>
            <IsCondition />
            <Label>Delay</Label>
            <Value>1</Value>
            <Unit>sec</Unit>
          </PIParameter>
        </PIParamArray>
        <NumParams>4</NumParams>
      </TestParams>
      <ResultsParams>
        <PIResArray>
          <PIResult>
            <Label>NormLeakRate</Label>
            <Nominal>1.5E-7</Nominal>
            <Unit>std cc/s</Unit>
            <SpecMin>1E-7</SpecMin>
            <SpecMax>2E-7</SpecMax>
            <ResultIndex>0</ResultIndex>
            <ErrorStr>No Error</ErrorStr>
            <PassFail>Null</PassFail>
          </PIResult>
          <PIResult>
            <Label>Dut Temp</Label>
            <Nominal>22.5</Nominal>
            <Unit>DegC</Unit>
            <SpecMin>15</SpecMin>
            <SpecMax>30</SpecMax>
            <ResultIndex>1</ResultIndex>
            <ErrorStr>No Error</ErrorStr>
            <PassFail>Null</PassFail>
          </PIResult>
          <PIResult>
            <Label>Board Temp</Label>
            <Nominal>22.5</Nominal>
            <Unit>Deg C</Unit>
            <SpecMin>15</SpecMin>
            <SpecMax>30</SpecMax>
            <ResultIndex>2</ResultIndex>
            <ErrorStr>No Error</ErrorStr>
            <PassFail>Null</PassFail>
          </PIResult>
          <PIResult>
            <Label>Factor</Label>
            <Nominal>0</Nominal>
            <Unit>DegC</Unit>
            <SpecMin>-4</SpecMin>
            <SpecMax>4</SpecMax>
            <ResultIndex>3</ResultIndex>
            <ErrorStr>No Error</ErrorStr>
            <PassFail>Null</PassFail>
          </PIResult>
        </PIResArray>
        <NumResultParams>4</NumResultParams>
      </ResultsParams>
    </TestInfo>
  </TestInfoArray>
</PlugInXml>